"","Intercept","BY_recon_10","BY_recon_100","RY_Wet_Tim","RY_Wet_BFL_Dur"
"lm2a",118.107636718593,-1.11980988342839,-0.501043846653044,NA,NA
"lm2b",128.580809105968,-1.24045071993104,NA,-0.606752770984981,NA
"lm2c",33.4959552411136,-1.10290685452039,NA,NA,0.348587080859707
"Ensemble Avg.",93.3948003552247,-1.15438915262661,-0.167014615551015,-0.20225092366166,0.116195693619902
