predictor,lambda_non0_val_appears
w1_Wet_BFL_Mag_50,56.2947142342173
w1_Wet_BFL_Dur,41.1403534457586
d1_DS_Mag_90,29.2333556833982
d1_DS_Mag_50,28.1509013413655
f1_recon_120,24.9035383152672
s1_SP_ROC_Max,22.7386296312017
f1_FA_Dif_num,20.5737209471362
s1_SP_ROC,0.00708844851371191
