predictor,lambda_non0_val_appears
f1_recon_120,23.0572131649842
w1_Wet_BFL_Dur,18.5552052131777
w2_Wet_BFL_Mag_50,10.5901142215201
s1_SP_ROC_Max,4.35656474978802
s1_SP_ROC,3.66394814181779
f2_recon_120,2.97133153384756
s2_SP_ROC,2.97133153384756
d1_DS_Mag_50,2.27871492587733
s2_SP_ROC_Max,1.93240662189222
w1_Wet_BFL_Mag_50,1.58609831790711
w2_Wet_Tim,1.58609831790711
d1_DS_Mag_90,0.547173405951766
s2_SP_Tim,NA
