predictor,lambda_non0_val_appears
f1_recon_120,0.306205939996326
w1_Wet_BFL_Dur,0.169261754957972
f2_FA_Dif_num,0.16042664624582
s2_SP_ROC,0.138338874465441
w2_Wet_BFL_Mag_50,0.0588228960560743
s1_SP_ROC,0.0544053416999984
f2_recon_120,0.0499877873439225
f1_FA_Dif_num,0.0411526786317707
s1_SP_ROC_Max,0.0323175699196188
w1_Wet_BFL_Mag_50,0.023482461207467
d1_DS_Mag_50,0.0190649068513911
s2_SP_Tim,0.0102297981392393
d1_DS_Mag_90,0.00139468942708743
w2_Wet_Tim,NA
s2_SP_ROC_Max,NA
