predictor,lambda_non0_val_appears
w1_Wet_BFL_Mag_50,0.336620517103879
s1_SP_ROC_Max,0.0377563116866353
s1_SP_ROC,0.0332280661500104
w1_Wet_BFL_Dur,0.0241715750767606
f1_recon_120,0.0241715750767606
f1_FA_Dif_num,0.0105868384668859
d1_DS_Mag_50,0.00605859293026098
d1_DS_Mag_90,0.00153034739363608
