predictor,lambda_non0_val_appears
w1_Wet_BFL_Mag_50,0.336620517103879
s1_SP_ROC_Max,0.0377563116866353
d1_DS_Dur_WS,0.0332280661500104
s1_SP_ROC,0.0332280661500104
f1_recon_120,0.0151150840035108
w1_Wet_BFL_Dur,0.0105868384668859
d1_DS_Mag_50,0.00153034739363608
