predictor,lambda_non0_val_appears
f1_recon_120,23.0822388881981
w1_Wet_BFL_Dur,18.5900895546274
f2_FA_Dif_num,16.1712399134739
s2_SP_ROC,6.15029140012391
s1_SP_ROC,4.42254165644288
s1_SP_ROC_Max,3.04034186149805
f1_FA_Dif_num,2.69479191276184
w1_Wet_BFL_Mag_50,2.00369201528943
s2_SP_ROC_Max,2.00369201528943
f2_recon_120,1.31259211781701
s2_SP_Tim,0.967042169080805
d1_DS_Mag_50,0.621492220344598
d1_DS_Mag_90,0.621492220344598
w2_Wet_BFL_Mag_50,0.621492220344598
w2_Wet_Tim,NA
