predictor,lambda_non0_val_appears
w1_Wet_BFL_Mag_50,56.293909574227
w1_Wet_BFL_Dur,41.1393090998138
d1_DS_Mag_90,29.2321230127749
d1_DS_Mag_50,28.1496515503168
f1_recon_120,24.9022371629425
s1_SP_ROC_Max,22.7372942380263
s1_SP_ROC,5.41775083869699
