predictor,lambda_non0_val_appears
w1_Wet_BFL_Mag_50,180695.398113829
w1_Wet_BFL_Dur,73362.6134689616
d1_DS_Mag_90,44566.0127105826
s1_SP_ROC_Max,41948.1399143664
s1_SP_ROC,21005.1575446362
f1_recon_120,10533.6663597711
d1_DS_Mag_50,2680.04797112226
