predictor,lambda_non0_val_appears
s2_SP_ROC,0.225888533412146
s1_SP_ROC,0.140807065570425
w1_Wet_BFL_Dur,0.134262337274909
w2_Wet_BFL_Dur,0.121172880683875
f1_recon_120,0.0819045109107729
d1_DS_Mag_50,0.0753597826152559
w2_Wet_BFL_Mag_50,0.068815054319739
d2_DS_Dur_WS,0.062270326024222
s1_SP_ROC_Max,0.0491808694331881
w1_Wet_BFL_Mag_50,0.0426361411376712
s2_discon_120,0.0230019562511203
d1_DS_Dur_WS,0.00991249966008639
s2_SP_ROC_Max,0.00991249966008639
f2_recon_120,0.00336777136456944
