predictor,lambda_non0_val_appears
w1_Wet_BFL_Dur,11796.8004133158
w2_Wet_BFL_Mag_50,7451.52789897431
f2_recon_120,7195.92363342481
s1_SP_ROC,4128.67244683082
s2_SP_ROC,3617.46391573182
w1_Wet_BFL_Mag_50,2083.83832243482
s2_SP_Tim,2083.83832243482
s1_SP_ROC_Max,1828.23405688532
f1_recon_120,1828.23405688532
d1_DS_Mag_90,1572.62979133582
s2_SP_ROC_Max,1572.62979133582
w2_Wet_Tim,1061.42126023682
d1_DS_Mag_50,39.0041980388191
